"Id";"Designator";"Footprint";"Quantity";"Designation";"Supplier and ref";
1;"A2";"RaspberryPi_Pico_W_SMD_HandSolder";1;"RaspberryPi_Pico_W";;;
2;"D1, D3, D4, D5, D6, D7, D8, D9, D10, D11, D12, D13, D14, D16, D17, D18, D19, D20, D21, D22, D23, D24, D25, D26, D27, D28, D29, D30, D31, D32, D33, D34, D35, D36, D37, D38, D39, D40, D41, D42, D45, D46, D47, D49, D50, D51, D52, D53, D54, D55, D56, D57, D58, D59, D60, D61";"D_DO-35_SOD27_P7.62mm_Horizontal";56;"D";;;
3;"J1";"USB_C_Receptacle_GCT_USB4105-xx-A_16P_TopMnt_Horizontal";1;"USB-C";;;
4;"R1";"R_0805_2012Metric";1;"10 kΩ";;;
5;"R2, R3";"R_0805_2012Metric";2;"5.1 kΩ";;;
6;"R4, R5";"R_0805_2012Metric";2;"100 kΩ";;;
7;"S1";"STAB_MX_P_6.25u";1;"MX_stab";;;
8;"SW1, SW13";"SW_MX_1.5u";2;"SW_Push";;;
9;"SW3, SW4, SW5, SW6, SW7, SW8, SW9, SW10, SW11, SW12, SW16, SW17, SW18, SW19, SW20, SW21, SW22, SW23, SW24, SW25, SW28, SW29, SW30, SW31, SW32, SW33, SW34, SW35, SW36, SW37, SW40, SW41, SW42, SW46, SW47, SW49, SW50, SW51, SW52, SW53, SW54, SW55, SW56, SW57, SW58, SW59, SW60, SW62";"SW_MX_1u";48;"SW_Push";;;
10;"SW14, SW39, SW61";"SW_MX_1.25u";3;"SW_Push";;;
11;"SW26, SW27, SW38";"SW_MX_1.75u";3;"SW_Push";;;
12;"SW45";"SW_Cherry_MX_Plate_6.25u";1;"SW_Push";;;
13;"U1";"SOT-23-5";1;"MCP73831-2-OT";;;
